<?xml version="1.0" encoding="UTF-8"?>
<project-private xmlns="http://www.netbeans.org/ns/project-private/1">
    <editor-bookmarks xmlns="http://www.netbeans.org/ns/editor-bookmarks/2" lastBookmarkId="0"/>
    <open-files xmlns="http://www.netbeans.org/ns/projectui-open-files/2">
        <group>
            <file>file:/C:/xampp/htdocs/magento-2-community-master/magento-2-community-master/app/code/ITC/Hotels/view/adminhtml/layout/hotels_amenties_edit.xml</file>
            <file>file:/C:/xampp/htdocs/magento-2-community-master/magento-2-community-master/app/code/ITC/Hotels/view/adminhtml/ui_component/room_listing.xml</file>
            <file>file:/C:/xampp/htdocs/magento-2-community-master/magento-2-community-master/app/code/ITC/Hotels/Controller/Adminhtml/Roomtype/Save.php</file>
            <file>file:/C:/xampp/htdocs/magento-2-community-master/magento-2-community-master/app/code/ITC/Hotels/view/adminhtml/layout/hotels_room_index.xml</file>
            <file>file:/C:/xampp/htdocs/magento-2-community-master/magento-2-community-master/app/code/ITC/Hotels/view/adminhtml/layout/hotels_amenties_index.xml</file>
            <file>file:/C:/xampp/htdocs/magento-2-community-master/magento-2-community-master/app/code/ITC/Hotels/Controller/Adminhtml/Locations/Save.php</file>
            <file>file:/C:/xampp/htdocs/magento-2-community-master/magento-2-community-master/app/code/ITC/Hotels/view/adminhtml/ui_component/room_form.xml</file>
            <file>file:/C:/xampp/htdocs/magento-2-community-master/magento-2-community-master/app/code/ITC/Hotels/view/adminhtml/layout/hotels_roomtype_index.xml</file>
            <file>file:/C:/xampp/htdocs/magento-2-community-master/magento-2-community-master/app/code/ITC/Hotels/view/adminhtml/layout/hotels_locations_index.xml</file>
            <file>file:/C:/xampp/htdocs/magento-2-community-master/magento-2-community-master/app/code/ITC/Hotels/view/adminhtml/layout/hotels_amenties_grid.xml</file>
            <file>file:/C:/xampp/htdocs/magento-2-community-master/magento-2-community-master/app/code/ITC/Hotels/Controller/Adminhtml/Roomtype/RoomCategoryGrid.php</file>
            <file>file:/C:/xampp/htdocs/magento-2-community-master/magento-2-community-master/app/code/ITC/Hotels/Controller/Adminhtml/Room/Save.php</file>
            <file>file:/C:/xampp/htdocs/magento-2-community-master/magento-2-community-master/app/code/ITC/Hotels/Setup/InstallSchema.php</file>
            <file>file:/C:/xampp/htdocs/magento-2-community-master/magento-2-community-master/app/code/ITC/Hotels/Controller/Adminhtml/Roomtype/Index.php</file>
            <file>file:/C:/xampp/htdocs/magento-2-community-master/magento-2-community-master/app/code/ITC/Hotels/etc/adminhtml/menu.xml</file>
            <file>file:/C:/xampp/htdocs/magento-2-community-master/magento-2-community-master/app/code/ITC/Hotels/view/adminhtml/layout/hotels_room_new.xml</file>
            <file>file:/C:/xampp/htdocs/magento-2-community-master/magento-2-community-master/app/code/ITC/Hotels/Controller/Adminhtml/RoomAmenty/Amenty.php</file>
            <file>file:/C:/xampp/htdocs/magento-2-community-master/magento-2-community-master/app/code/ITC/Hotels/view/adminhtml/layout/hotels_room_edit.xml</file>
        </group>
    </open-files>
</project-private>
