<?xml version="1.0"?>
<config xmlns:xsi="http://www.w3.org/2001/XMLSchema-instance" xsi:noNamespaceSchemaLocation="../../../../Magento/Backend/etc/menu.xsd">
    <menu>
        <add id="ITC_Hotels::parent" title="Hotels" module="ITC_Hotels" sortOrder="100" resource="ITC_Hotels::parent"/>
		
	<add id="ITC_Hotels::locations" title="Manage Location" module="ITC_Hotels" sortOrder="10" action="hotels/locations" resource="ITC_Hotels::locations" parent="ITC_Hotels::parent"/>
		
        <add id="ITC_Hotels::index" title="Manage Hotels" module="ITC_Hotels" sortOrder="10" action="hotels/index" resource="ITC_Hotels::index" parent="ITC_Hotels::parent"/>	
		
	<add id="ITC_Hotels::room" title="Manage Rooms" module="ITC_Hotels" sortOrder="10" action="hotels/room" resource="ITC_Hotels::room" parent="ITC_Hotels::parent"/>	
		
	<add id="ITC_Hotels::roomtype" title="Manage Room Type" module="ITC_Hotels" sortOrder="10" action="hotels/roomtype" resource="Itc_Hotels::hotel_room_category" parent="ITC_Hotels::parent"/>	
		
	<add id="ITC_Hotels::amenities" title="Manage Amenity" module="ITC_Hotels" sortOrder="10" action="hotels/amenties/index" resource="ITC_Hotels::amenties" parent="ITC_Hotels::parent"/>
    </menu>
	
</config>