<?xml version="1.0"?>
<!--
/**
* ITC Hotels
   *
   * @category    ITC Hotels
   * @package     ITC_Hotels
   *
*/
-->
<config xmlns:xsi="http://www.w3.org/2001/XMLSchema-instance" xsi:noNamespaceSchemaLocation="urn:magento:framework:ObjectManager/etc/config.xsd">
   <type name="Magento\Framework\View\Element\UiComponent\DataProvider\CollectionFactory">
        <arguments>
            <argument name="collections" xsi:type="array">
                <item name="hotels_listing_data_source" xsi:type="string">ITC\Hotels\Model\ResourceModel\Hotels\Grid\Collection</item>
		<item name="locations_listing_data_source" xsi:type="string">ITC\Hotels\Model\ResourceModel\Locations\Grid\Collection</item>
                <item name="gallery_listing_data_source" xsi:type="string">ITC\Hotels\Model\ResourceModel\Gallery\Grid\Collection</item>
                <item name="reservations_listing_data_source" xsi:type="string">ITC\Hotels\Model\ResourceModel\Reservations\Grid\Collection</item>
		<item name="room_listing_data_source" xsi:type="string">ITC\Hotels\Model\ResourceModel\Room\Grid\Collection</item>
	       <!--
                <item name="amenties_listing_data_source" xsi:type="string">ITC\Hotels\Model\ResourceModel\Amenties\Grid\Collection</item>
		<item name="roomamenties_listing_data_source" xsi:type="string">ITC\Hotels\Model\ResourceModel\RoomAmenties\Grid\Collection</item>
	        <item name="roomtype_listing_data_source" xsi:type="string">ITC\Hotels\Model\ResourceModel\Roomtype\Grid\Collection</item>
-->
            </argument>
        </arguments>
    </type>
	
    <type name="ITC\Hotels\Model\ResourceModel\Hotels\Collection">
        <arguments>
            <argument name="mainTable" xsi:type="string">itc_hotels</argument>
            <argument name="eventPrefix" xsi:type="string">hotels_grid_collection</argument>
            <argument name="eventObject" xsi:type="string">hotels_grid_collection</argument>
            <argument name="resourceModel" xsi:type="string">ITC\Hotels\Model\ResourceModel\Hotels</argument>
        </arguments>
    </type>
	
	<type name="ITC\Hotels\Model\ResourceModel\Locations\Collection">
        <arguments>
            <argument name="mainTable" xsi:type="string">itc_location</argument>
            <argument name="eventPrefix" xsi:type="string">locations_grid_collection</argument>
            <argument name="eventObject" xsi:type="string">locations_grid_collection</argument>
            <argument name="resourceModel" xsi:type="string">ITC\Hotels\Model\ResourceModel\Locations</argument>
        </arguments>
    </type>
	
    <type name="ITC\Hotels\Model\ResourceModel\Gallery\Collection">
        <arguments>
            <argument name="mainTable" xsi:type="string">itc_gallery</argument>
            <argument name="eventPrefix" xsi:type="string">gallery_grid_collection</argument>
            <argument name="eventObject" xsi:type="string">gallery_grid_collection</argument>
            <argument name="resourceModel" xsi:type="string">ITC\Hotels\Model\ResourceModel\Gallery</argument>
        </arguments>
    </type>
	
	
    <type name="ITC\Hotels\Model\ResourceModel\Reservations\Collection">
        <arguments>
            <argument name="mainTable" xsi:type="string">itc_reservations</argument>
            <argument name="eventPrefix" xsi:type="string">reservations_grid_collection</argument>
            <argument name="eventObject" xsi:type="string">reservations_grid_collection</argument>
            <argument name="resourceModel" xsi:type="string">ITC\Hotels\Model\ResourceModel\Reservations</argument>
        </arguments>
    </type>
	
	<type name="ITC\Hotels\Model\ResourceModel\Room\Collection">
        <arguments>
            <argument name="mainTable" xsi:type="string">itc_rooms</argument>
            <argument name="eventPrefix" xsi:type="string">room_grid_collection</argument>
            <argument name="eventObject" xsi:type="string">room_grid_collection</argument>
            <argument name="resourceModel" xsi:type="string">ITC\Hotels\Model\ResourceModel\Room</argument>
        </arguments>
    </type>
	<!--
	<type name="ITC\Hotels\Model\ResourceModel\RoomAmenties\Collection">
        <arguments>
            <argument name="mainTable" xsi:type="string">itc_room_amenities</argument>
            <argument name="eventPrefix" xsi:type="string">roomamenities_grid_collection</argument>
            <argument name="eventObject" xsi:type="string">roomamenities_grid_collection</argument>
            <argument name="resourceModel" xsi:type="string">ITC\Hotels\Model\ResourceModel\RoomAmenties</argument>
        </arguments>
    </type>
	<type name="ITC\Hotels\Model\ResourceModel\Amenties\Collection">
        <arguments>
            <argument name="mainTable" xsi:type="string">itc_amenities</argument>
            <argument name="eventPrefix" xsi:type="string">amenities_grid_collection</argument>
            <argument name="eventObject" xsi:type="string">amenities_grid_collection</argument>
            <argument name="resourceModel" xsi:type="string">ITC\Hotels\Model\ResourceModel\Amenties</argument>
        </arguments>
    </type>
	
	<type name="ITC\Hotels\Model\ResourceModel\Roomtype\Collection">
        <arguments>
            <argument name="mainTable" xsi:type="string">itc_room_type</argument>
            <argument name="eventPrefix" xsi:type="string">room_type_grid_collection</argument>
            <argument name="eventObject" xsi:type="string">room_type_grid_collection</argument>
            <argument name="resourceModel" xsi:type="string">ITC\Hotels\Model\ResourceModel\Roomtype</argument>
        </arguments>
    </type>
	
	-->
	
		
    <virtualType name="hotelsGirdFilterPool" type="Magento\Framework\View\Element\UiComponent\DataProvider\FilterPool">
        <arguments>
            <argument name="appliers" xsi:type="array">
                <item name="regular" xsi:type="object">Magento\Framework\View\Element\UiComponent\DataProvider\RegularFilter</item>
                <item name="fulltext" xsi:type="object">Magento\Framework\View\Element\UiComponent\DataProvider\FulltextFilter</item>
            </argument>
        </arguments>
    </virtualType>
	
     <virtualType name="hotelsGridDataProvider" type="Magento\Framework\View\Element\UiComponent\DataProvider\DataProvider">
        <arguments>
            <argument name="collection" xsi:type="object" shared="false">ITC\Hotels\Model\ResourceModel\Hotels\Collection</argument>
            <argument name="filterPool" xsi:type="object" shared="false">hotelsGirdFilterPool</argument>
        </arguments>
    </virtualType>
	 <virtualType name="locationsGirdFilterPool" type="Magento\Framework\View\Element\UiComponent\DataProvider\FilterPool">
        <arguments>
            <argument name="appliers" xsi:type="array">
                <item name="regular" xsi:type="object">Magento\Framework\View\Element\UiComponent\DataProvider\RegularFilter</item>
                <item name="fulltext" xsi:type="object">Magento\Framework\View\Element\UiComponent\DataProvider\FulltextFilter</item>
            </argument>
        </arguments>
    </virtualType>
     <virtualType name="locationsGridDataProvider" type="Magento\Framework\View\Element\UiComponent\DataProvider\DataProvider">
        <arguments>
            <argument name="collection" xsi:type="object" shared="false">ITC\Hotels\Model\ResourceModel\Locations\Collection</argument>
            <argument name="filterPool" xsi:type="object" shared="false">locationsGirdFilterPool</argument>
        </arguments>
    </virtualType>
    <virtualType name="galleryGirdFilterPool" type="Magento\Framework\View\Element\UiComponent\DataProvider\FilterPool">
        <arguments>
            <argument name="appliers" xsi:type="array">
                <item name="regular" xsi:type="object">Magento\Framework\View\Element\UiComponent\DataProvider\RegularFilter</item>
                <item name="fulltext" xsi:type="object">Magento\Framework\View\Element\UiComponent\DataProvider\FulltextFilter</item>
            </argument>
        </arguments>
    </virtualType>
	
     <virtualType name="galleryGridDataProvider" type="Magento\Framework\View\Element\UiComponent\DataProvider\DataProvider">
        <arguments>
            <argument name="collection" xsi:type="object" shared="false">ITC\Hotels\Model\ResourceModel\Gallery\Collection</argument>
            <argument name="filterPool" xsi:type="object" shared="false">galleryGirdFilterPool</argument>
        </arguments>
    </virtualType>
	
    <virtualType name="reservationsGirdFilterPool" type="Magento\Framework\View\Element\UiComponent\DataProvider\FilterPool">
        <arguments>
            <argument name="appliers" xsi:type="array">
                <item name="regular" xsi:type="object">Magento\Framework\View\Element\UiComponent\DataProvider\RegularFilter</item>
                <item name="fulltext" xsi:type="object">Magento\Framework\View\Element\UiComponent\DataProvider\FulltextFilter</item>
            </argument>
        </arguments>
    </virtualType>
	
     <virtualType name="reservationsGridDataProvider" type="Magento\Framework\View\Element\UiComponent\DataProvider\DataProvider">
        <arguments>
            <argument name="collection" xsi:type="object" shared="false">ITC\Hotels\Model\ResourceModel\Reservations\Collection</argument>
            <argument name="filterPool" xsi:type="object" shared="false">reservationsGirdFilterPool</argument>
        </arguments>
    </virtualType>
	
	
	
	<virtualType name="roomGirdFilterPool" type="Magento\Framework\View\Element\UiComponent\DataProvider\FilterPool">
        <arguments>
            <argument name="appliers" xsi:type="array">
                <item name="regular" xsi:type="object">Magento\Framework\View\Element\UiComponent\DataProvider\RegularFilter</item>
                <item name="fulltext" xsi:type="object">Magento\Framework\View\Element\UiComponent\DataProvider\FulltextFilter</item>
            </argument>
        </arguments>
    </virtualType>
    
     <virtualType name="roomGridDataProvider" type="Magento\Framework\View\Element\UiComponent\DataProvider\DataProvider">
        <arguments>
            <argument name="collection" xsi:type="object" shared="false">ITC\Hotels\Model\ResourceModel\Room\Collection</argument>
            <argument name="filterPool" xsi:type="object" shared="false">reservationsGirdFilterPool</argument>
        </arguments>
    </virtualType>
    
    
	<!--
	<virtualType name="roomamentiesGridDataProvider" type="Magento\Framework\View\Element\UiComponent\DataProvider\DataProvider">
        <arguments>
            <argument name="collection" xsi:type="object" shared="false">ITC\Hotels\Model\ResourceModel\RoomAmenties\Collection</argument>
            <argument name="filterPool" xsi:type="object" shared="false">roomamentiesGirdFilterPool</argument>
        </arguments>
    </virtualType>
	
	<virtualType name="roomamentiesGirdFilterPool" type="Magento\Framework\View\Element\UiComponent\DataProvider\FilterPool">
        <arguments>
            <argument name="appliers" xsi:type="array">
                <item name="regular" xsi:type="object">Magento\Framework\View\Element\UiComponent\DataProvider\RegularFilter</item>
                <item name="fulltext" xsi:type="object">Magento\Framework\View\Element\UiComponent\DataProvider\FulltextFilter</item>
            </argument>
        </arguments>
    </virtualType>
	
	<virtualType name="amenitiesGridDataProvider" type="Magento\Framework\View\Element\UiComponent\DataProvider\DataProvider">
        <arguments>
            <argument name="collection" xsi:type="object" shared="false">ITC\Hotels\Model\ResourceModel\Amenties\Collection</argument>
            <argument name="filterPool" xsi:type="object" shared="false">roomGirdFilterPool</argument>
        </arguments>
    </virtualType>
	
	<virtualType name="amenitiesGirdFilterPool" type="Magento\Framework\View\Element\UiComponent\DataProvider\FilterPool">
        <arguments>
            <argument name="appliers" xsi:type="array">
                <item name="regular" xsi:type="object">Magento\Framework\View\Element\UiComponent\DataProvider\RegularFilter</item>
                <item name="fulltext" xsi:type="object">Magento\Framework\View\Element\UiComponent\DataProvider\FulltextFilter</item>
            </argument>
        </arguments>
    </virtualType>
	
	<virtualType name="roomtypeGridDataProvider" type="Magento\Framework\View\Element\UiComponent\DataProvider\DataProvider">
        <arguments>
            <argument name="collection" xsi:type="object" shared="false">ITC\Hotels\Model\ResourceModel\Roomtype\Collection</argument>
            <argument name="filterPool" xsi:type="object" shared="false">roomGirdFilterPool</argument>
        </arguments>
    </virtualType>
	
	<virtualType name="roomtypeGirdFilterPool" type="Magento\Framework\View\Element\UiComponent\DataProvider\FilterPool">
        <arguments>
            <argument name="appliers" xsi:type="array">
                <item name="regular" xsi:type="object">Magento\Framework\View\Element\UiComponent\DataProvider\RegularFilter</item>
                <item name="fulltext" xsi:type="object">Magento\Framework\View\Element\UiComponent\DataProvider\FulltextFilter</item>
            </argument>
        </arguments>
    </virtualType>
    -->
	
	
</config>
