<?xml version="1.0"?>
<!--
/**
* Hello World
   *
   * @category    QaisarSatti
   * @package     QaisarSatti_HelloWorld
   * @author      Muhammad Qaisar Satti
   * @Email       qaisarssatti@gmail.com
   *
*/
-->
<config xmlns:xsi="http://www.w3.org/2001/XMLSchema-instance" xsi:noNamespaceSchemaLocation="urn:magento:framework:ObjectManager/etc/config.xsd">
   <type name="Magento\Framework\View\Element\UiComponent\DataProvider\CollectionFactory">
        <arguments>
            <argument name="collections" xsi:type="array">
                <item name="hotels_listing_data_source" xsi:type="string">Itc\Hotels\Model\ResourceModel\Hotels\Grid\Collection</item>
                <item name="gallery_listing_data_source" xsi:type="string">Itc\Hotels\Model\ResourceModel\Gallery\Grid\Collection</item>
                <item name="room_listing_data_source" xsi:type="string">Itc\Hotels\Model\ResourceModel\Room\Grid\Collection</item>
				<item name="room_form_data_source" xsi:type="string">Itc\Hotels\Model\Resource\Room\Grid\Collection</item>
            </argument>
        </arguments>
    </type>
	<type name="Itc\Hotels\Model\ResourceModel\Room\Grid\Collection">
        <arguments>
            <argument name="mainTable" xsi:type="string">itc_rooms</argument>
            <argument name="eventPrefix" xsi:type="string">room_grid_collection</argument>
            <argument name="eventObject" xsi:type="string">room_grid_collection</argument>
            <argument name="resourceModel" xsi:type="string">Itc\Hotels\Model\ResourceModel\Room</argument>
        </arguments>
    </type>
    <type name="Itc\Hotels\Model\ResourceModel\Hotels\Grid\Collection">
        <arguments>
            <argument name="mainTable" xsi:type="string">itc_hotels</argument>
            <argument name="eventPrefix" xsi:type="string">hotels_grid_collection</argument>
            <argument name="eventObject" xsi:type="string">hotels_grid_collection</argument>
            <argument name="resourceModel" xsi:type="string">Itc\Hotels\Model\ResourceModel\Hotels</argument>
        </arguments>
    </type>
	 <type name="Itc\Hotels\Model\ResourceModel\Gallery\Grid\Collection">
        <arguments>
            <argument name="mainTable" xsi:type="string">itc_gallery</argument>
            <argument name="eventPrefix" xsi:type="string">gallery_grid_collection</argument>
            <argument name="eventObject" xsi:type="string">gallery_grid_collection</argument>
            <argument name="resourceModel" xsi:type="string">Itc\Hotels\Model\ResourceModel\Gallery</argument>
        </arguments>
    </type>
	<virtualType name="roomGirdFilterPool" type="Magento\Framework\View\Element\UiComponent\DataProvider\FilterPool">
        <arguments>
            <argument name="appliers" xsi:type="array">
                <item name="regular" xsi:type="object">Magento\Framework\View\Element\UiComponent\DataProvider\RegularFilter</item>
                <item name="fulltext" xsi:type="object">Magento\Framework\View\Element\UiComponent\DataProvider\FulltextFilter</item>
            </argument>
        </arguments>
    </virtualType>
    <virtualType name="hotelsGirdFilterPool" type="Magento\Framework\View\Element\UiComponent\DataProvider\FilterPool">
        <arguments>
            <argument name="appliers" xsi:type="array">
                <item name="regular" xsi:type="object">Magento\Framework\View\Element\UiComponent\DataProvider\RegularFilter</item>
                <item name="fulltext" xsi:type="object">Magento\Framework\View\Element\UiComponent\DataProvider\FulltextFilter</item>
            </argument>
        </arguments>
    </virtualType>
     <virtualType name="hotelsGridDataProvider" type="Magento\Framework\View\Element\UiComponent\DataProvider\DataProvider">
        <arguments>
            <argument name="collection" xsi:type="object" shared="false">Itc\Hotels\Model\ResourceModel\Hotels\Collection</argument>
            <argument name="filterPool" xsi:type="object" shared="false">hotelsGirdFilterPool</argument>
        </arguments>
    </virtualType>
	<virtualType name="galleryGridDataProvider" type="Magento\Framework\View\Element\UiComponent\DataProvider\DataProvider">
        <arguments>
            <argument name="collection" xsi:type="object" shared="false">Itc\Hotels\Model\ResourceModel\Gallery\Collection</argument>
            <argument name="filterPool" xsi:type="object" shared="false">galleryGirdFilterPool</argument>
        </arguments>
    </virtualType>
	<virtualType name="roomGridDataProvider" type="Magento\Framework\View\Element\UiComponent\DataProvider\DataProvider">
        <arguments>
            <argument name="collection" xsi:type="object" shared="false">Itc\Hotels\Model\ResourceModel\Room\Collection</argument>
            <argument name="filterPool" xsi:type="object" shared="false">roomGirdFilterPool</argument>
        </arguments>
    </virtualType>
	<virtualType name="Itc\Hotels\Model\Resource\Room\Grid\Collection" type="Magento\Framework\View\Element\UiComponent\DataProvider\SearchResult">
        <arguments>
            <argument name="mainTable" xsi:type="string">itc_room</argument>
            <argument name="resourceModel" xsi:type="string">Itc\Hotels\Model\ResourceModel\Room</argument>
        </arguments>
    </virtualType>
</config>